{
  "default_persona": "Narrator",
  "characters": {
    "Katherine": {
      "file": "katherine_persona.json"
    },
    "Elena": {
      "file": "elena_persona.json"
    },
    "Damon": {
      "file": "damon_persona.json"
    },
    "Stefan": {
      "file": "stefan_persona.json"
    },
    "Bonnie": {
      "file": "bonnie_persona.json"
    },
    "Caroline": {
      "file": "caroline_persona.json"
    },
    "Klaus": {
      "file": "klaus_persona.json"
    }
  },
  "narrator": {
    "file": "narrator_persona.json"
  }
}