{
  "title": "Tevin \u2014 Vampire Diaries (Bundled)",
  "flags": {
    "CanonLock": true,
    "DialogueCanonLock": true
  },
  "episodes": [
    {
      "id": "S01E01",
      "title": "Pilot",
      "scenes": [
        {
          "id": "S01E01_01",
          "name": "Cemetery Encounter",
          "type": "Fixed",
          "beats": [
            {
              "type": "STAGE_DIR",
              "speaker": null,
              "text": "Night air. Wind in the trees. A crow watches."
            },
            {
              "type": "CANON_LINE",
              "speaker": "<CHAR>",
              "text": "<paste exact canon line here>"
            },
            {
              "type": "STAGE_DIR",
              "speaker": null,
              "text": "Footsteps on leaves."
            }
          ],
          "next": "S01E01_02"
        },
        {
          "id": "S01E01_02",
          "name": "Hallway Tension",
          "type": "Branch",
          "beats": [
            {
              "type": "STAGE_DIR",
              "speaker": null,
              "text": "Bell rings; lockers slam."
            }
          ],
          "choices": [
            {
              "key": "A",
              "label": "Engage",
              "outcome": "REJOIN S01E01_03"
            },
            {
              "key": "B",
              "label": "Avoid",
              "outcome": "REJOIN S01E01_04"
            }
          ]
        },
        {
          "id": "S01E01_03",
          "name": "Aftermath",
          "type": "Rejoin",
          "beats": [
            {
              "type": "STAGE_DIR",
              "speaker": null,
              "text": "Hall thins."
            }
          ],
          "next": "S01E01_05"
        },
        {
          "id": "S01E01_04",
          "name": "Avoided",
          "type": "Rejoin",
          "beats": [
            {
              "type": "STAGE_DIR",
              "speaker": null,
              "text": "You slip away."
            }
          ],
          "next": "S01E01_05"
        },
        {
          "id": "S01E01_05",
          "name": "Classroom Setup",
          "type": "Fixed",
          "beats": [
            {
              "type": "STAGE_DIR",
              "speaker": null,
              "text": "Roll call."
            }
          ]
        }
      ]
    }
  ]
}